order_id,order_date,customer_id,region,product,units,unit_price,satisfaction
O1001,2026-01-05,C001,North,Notebook,2,4.50,5
O1002,2026-01-08,C002,south,Mouse,1,18.00,4
O1003,2026-01-12,C003,North ,Keyboard,2,45.00,5
O1004,2026-01-18,C001,East,webcam,,39.00,3
O1005,2026-02-02,C004,WEST,Tablet Stand,3,12.00,
O1006,2026-02-09,C005,South,Mouse,4,18.00,4
O1007,2026-02-14,C002,North,Keyboard,1,45.00,5
O1008,2026-02-22,C999,,Notebook,5,4.50,2
O1009,2026-03-03,C003,East,Webcam,2,39.00,4
O1010,not-a-date,C004,West,Mouse,2,18.00,3
O1010,not-a-date,C004,West,Mouse,2,18.00,3
