annual_income,annual_spend,visits_per_month,digital_engagement,reference_segment,customer_id
25905.0,792.0,1.6,34.1,0,S0025
31809.0,860.0,1.5,17.6,0,S0007
51954.0,4330.0,5.1,68.9,1,S0094
44463.0,5633.0,5.1,56.2,1,S0110
49293.0,3677.0,6.0,62.8,1,S0105
79544.0,8800.0,8.1,77.4,2,S0173
80867.0,9791.0,8.9,81.1,2,S0234
51703.0,5046.0,6.4,58.0,1,S0087
29032.0,560.0,1.4,23.0,0,S0010
62603.0,5067.0,4.6,49.8,1,S0144
21323.0,1280.0,1.8,41.0,0,S0046
99422.0,8462.0,8.5,90.2,2,S0207
49505.0,5120.0,3.2,78.9,1,S0115
82808.0,7963.0,7.6,91.6,2,S0169
43717.0,5464.0,5.2,69.9,1,S0114
86199.0,8891.0,6.6,85.8,2,S0231
77537.0,9482.0,7.7,78.4,2,S0186
20341.0,1144.0,2.2,42.7,0,S0016
44021.0,6296.0,4.3,70.4,1,S0153
52426.0,7784.0,4.7,73.4,1,S0126
47816.0,4030.0,6.1,67.4,1,S0128
29221.0,3208.0,2.8,26.8,0,S0020
91750.0,8349.0,7.0,75.4,2,S0236
22070.0,3525.0,2.0,38.2,0,S0031
77376.0,9578.0,7.3,75.8,2,S0177
51894.0,5433.0,3.0,79.2,1,S0151
18836.0,2213.0,0.9,26.2,0,S0011
88438.0,9292.0,7.9,91.1,2,S0202
84856.0,8718.0,9.3,88.1,2,S0238
58386.0,4358.0,4.9,78.9,1,S0154
57482.0,5971.0,4.3,62.3,1,S0097
85988.0,8860.0,7.8,83.4,2,S0229
25633.0,2597.0,3.0,40.7,0,S0026
77465.0,10107.0,8.6,88.7,2,S0183
15074.0,2355.0,0.8,28.8,0,S0019
23658.0,3006.0,1.5,31.9,0,S0070
80422.0,7950.0,7.1,81.9,2,S0193
24988.0,1403.0,2.8,33.0,0,S0056
27514.0,2663.0,1.7,25.6,0,S0080
72243.0,8605.0,9.0,78.9,2,S0176
73142.0,10617.0,10.0,81.9,2,S0228
52256.0,6141.0,4.3,67.1,1,S0113
73803.0,8946.0,7.4,82.9,2,S0222
18350.0,1529.0,1.3,25.1,0,S0017
45774.0,6138.0,7.0,64.1,1,S0157
38824.0,1894.0,2.9,16.2,0,S0067
73622.0,9973.0,7.5,62.1,2,S0166
21611.0,2602.0,1.9,6.1,0,S0039
52243.0,5424.0,3.9,57.5,1,S0140
29052.0,1602.0,3.1,28.1,0,S0061
95339.0,9535.0,6.4,82.7,2,S0205
82516.0,9032.0,8.0,90.5,2,S0187
90523.0,9371.0,8.3,88.3,2,S0208
73999.0,9477.0,8.9,90.5,2,S0194
88379.0,8414.0,8.7,71.3,2,S0225
88854.0,9418.0,5.9,73.0,2,S0210
57575.0,5426.0,5.6,59.7,1,S0116
78806.0,8942.0,5.9,60.0,2,S0220
26160.0,3170.0,1.7,31.6,0,S0074
52040.0,3926.0,4.3,64.4,1,S0137
34797.0,3953.0,5.6,71.3,1,S0096
50432.0,5810.0,6.4,87.3,1,S0127
55657.0,5690.0,6.2,78.2,1,S0121
25957.0,3286.0,0.9,37.1,0,S0068
46600.0,5057.0,5.2,86.0,1,S0102
21499.0,1807.0,1.8,15.0,0,S0069
57099.0,4979.0,3.2,63.6,1,S0109
51125.0,6710.0,3.1,73.5,1,S0085
56044.0,4652.0,6.2,57.4,1,S0118
79171.0,7954.0,6.5,93.8,2,S0195
74921.0,8520.0,9.0,79.9,2,S0178
65986.0,3897.0,5.3,56.2,1,S0112
32702.0,1857.0,3.6,26.4,0,S0030
47661.0,5019.0,4.7,79.3,1,S0125
31767.0,811.0,1.0,16.1,0,S0076
58911.0,6146.0,5.4,59.9,1,S0083
19351.0,1019.0,2.5,21.9,0,S0006
33064.0,3098.0,2.4,19.7,0,S0057
87242.0,9208.0,9.2,72.1,2,S0165
56319.0,4520.0,5.7,68.6,1,S0160
61848.0,5100.0,4.3,63.0,1,S0098
34777.0,2591.0,1.3,44.8,0,S0066
91932.0,8684.0,6.3,89.8,2,S0213
88005.0,10729.0,8.1,83.1,2,S0209
55070.0,5544.0,4.7,65.7,1,S0143
16862.0,2207.0,1.4,28.4,0,S0032
43418.0,1378.0,0.8,25.0,0,S0013
22158.0,1568.0,1.2,22.4,0,S0036
21321.0,534.0,1.0,47.8,0,S0029
19558.0,341.0,3.2,23.0,0,S0043
81787.0,6618.0,8.8,86.5,2,S0224
55102.0,5246.0,7.2,51.7,1,S0149
93122.0,8639.0,8.4,84.0,2,S0162
29590.0,2380.0,2.4,24.1,0,S0052
46634.0,6556.0,4.7,83.5,1,S0138
83959.0,7739.0,8.2,92.4,2,S0191
20871.0,1872.0,2.5,33.0,0,S0077
12000.0,2063.0,1.8,28.2,0,S0042
78931.0,8229.0,8.0,80.6,2,S0163
41464.0,3594.0,4.7,68.8,1,S0147
22499.0,1846.0,1.9,31.4,0,S0079
52322.0,4620.0,5.6,66.4,1,S0142
24867.0,1758.0,3.1,15.1,0,S0027
88016.0,9379.0,9.2,94.9,2,S0232
85474.0,9546.0,6.0,86.3,2,S0216
84598.0,7990.0,8.8,91.3,2,S0239
42911.0,5066.0,2.9,69.4,1,S0133
27448.0,2501.0,3.1,29.1,0,S0001
33291.0,1532.0,2.2,41.4,0,S0003
36683.0,200.0,1.1,33.2,0,S0078
33134.0,2266.0,0.9,16.3,0,S0047
52033.0,5874.0,5.5,74.7,1,S0101
49945.0,4196.0,6.8,64.7,1,S0120
63709.0,5568.0,5.5,46.7,1,S0145
91808.0,8785.0,7.9,83.8,2,S0174
45582.0,6028.0,4.7,80.1,1,S0091
45336.0,4705.0,5.7,50.8,1,S0086
87820.0,8114.0,6.6,90.3,2,S0168
47359.0,5227.0,5.3,47.9,1,S0159
44515.0,4240.0,5.9,67.9,1,S0099
19394.0,200.0,2.5,29.1,0,S0037
51740.0,5975.0,5.8,49.9,1,S0141
32371.0,1377.0,2.1,41.7,0,S0062
33560.0,2370.0,2.8,29.0,0,S0023
56434.0,4965.0,5.5,62.7,1,S0119
53729.0,6693.0,4.2,71.1,1,S0156
81968.0,10483.0,8.2,87.3,2,S0197
24731.0,2536.0,1.4,44.6,0,S0034
22564.0,1731.0,2.3,16.9,0,S0012
86271.0,8369.0,7.2,67.0,2,S0235
34390.0,2176.0,2.1,11.5,0,S0028
61288.0,3606.0,3.6,92.3,1,S0148
17139.0,2940.0,0.5,39.7,0,S0005
49545.0,4443.0,3.2,72.9,1,S0123
33139.0,1299.0,2.5,21.2,0,S0033
44942.0,4886.0,6.2,79.3,1,S0139
98983.0,8715.0,6.4,71.1,2,S0171
22658.0,1672.0,1.4,21.9,0,S0063
56240.0,6148.0,5.8,70.2,1,S0136
69431.0,4915.0,5.6,59.4,1,S0129
79417.0,7703.0,8.4,76.5,2,S0217
89801.0,9210.0,8.7,81.9,2,S0181
22448.0,612.0,0.7,15.0,0,S0071
92228.0,7235.0,7.3,95.9,2,S0184
33127.0,1448.0,2.0,24.4,0,S0065
33217.0,541.0,2.1,26.3,0,S0045
58345.0,6598.0,5.1,50.4,1,S0155
12000.0,1978.0,1.3,29.8,0,S0041
60494.0,6322.0,5.1,86.6,1,S0124
32454.0,3301.0,0.2,40.1,0,S0024
97629.0,8685.0,7.1,77.0,2,S0179
83339.0,10060.0,7.4,95.2,2,S0198
49639.0,5718.0,4.7,69.3,1,S0082
36767.0,1757.0,1.1,13.9,0,S0040
73607.0,9005.0,6.8,86.3,2,S0201
22464.0,2380.0,1.9,33.7,0,S0048
61247.0,5696.0,4.2,75.3,1,S0095
84762.0,8705.0,8.7,92.2,2,S0182
29186.0,408.0,2.7,43.6,0,S0044
48167.0,6578.0,5.1,76.8,1,S0146
83998.0,9399.0,8.6,73.9,2,S0227
31945.0,1790.0,0.5,33.0,0,S0004
35029.0,4001.0,5.6,60.1,1,S0106
32280.0,804.0,1.7,22.6,0,S0054
48034.0,5698.0,5.5,57.9,1,S0134
80603.0,9157.0,6.1,79.9,2,S0218
89263.0,8865.0,6.6,77.7,2,S0185
88431.0,9233.0,6.6,76.3,2,S0223
36274.0,2588.0,0.6,46.4,0,S0050
86693.0,8491.0,7.8,83.6,2,S0164
54810.0,4489.0,4.0,71.0,1,S0081
25658.0,2805.0,1.1,28.6,0,S0035
34548.0,1500.0,1.2,17.6,0,S0008
78933.0,8753.0,10.0,77.0,2,S0172
50412.0,5260.0,2.9,61.7,1,S0111
49683.0,3513.0,5.9,58.3,1,S0092
66005.0,4424.0,4.1,67.9,1,S0084
91236.0,9311.0,7.6,86.3,2,S0214
81420.0,8664.0,7.3,92.7,2,S0219
42814.0,5308.0,4.2,55.3,1,S0090
34250.0,1167.0,2.8,25.3,0,S0009
33446.0,2667.0,2.6,23.7,0,S0014
24115.0,742.0,2.6,17.7,0,S0060
87233.0,7742.0,8.8,86.1,2,S0206
61094.0,5980.0,5.4,83.6,1,S0132
26394.0,3114.0,2.9,41.6,0,S0018
72699.0,7663.0,9.3,81.7,2,S0167
32601.0,970.0,2.5,27.1,0,S0073
81571.0,10404.0,6.4,87.9,2,S0230
52467.0,5192.0,3.7,72.4,1,S0135
89692.0,11278.0,10.8,61.1,2,S0196
82336.0,8780.0,8.0,89.6,2,S0221
28022.0,2340.0,0.9,26.5,0,S0064
31467.0,1710.0,3.1,34.4,0,S0055
52650.0,5985.0,4.0,64.0,1,S0108
19356.0,2398.0,1.7,45.6,0,S0051
81512.0,8432.0,10.0,87.8,2,S0199
79124.0,8707.0,8.5,74.3,2,S0175
83730.0,8806.0,8.8,78.2,2,S0200
93159.0,9561.0,7.9,92.8,2,S0190
81090.0,7323.0,7.9,75.6,2,S0237
84754.0,8419.0,7.3,90.2,2,S0212
74635.0,8469.0,9.9,59.8,2,S0170
24608.0,1245.0,2.0,23.0,0,S0059
33531.0,2025.0,0.4,32.9,0,S0049
42776.0,7550.0,4.6,62.9,1,S0089
25466.0,894.0,3.0,42.2,0,S0022
27427.0,1666.0,2.9,24.5,0,S0058
91299.0,10463.0,9.4,60.5,2,S0204
79907.0,10136.0,8.3,84.2,2,S0161
80083.0,8982.0,7.4,64.4,2,S0233
76614.0,9232.0,7.4,79.4,2,S0188
70721.0,9552.0,7.7,91.8,2,S0192
58913.0,5087.0,4.6,73.2,1,S0130
24246.0,1502.0,1.2,33.2,0,S0038
54437.0,4459.0,5.8,75.7,1,S0158
85397.0,10005.0,9.0,72.4,2,S0226
24233.0,2436.0,4.8,29.8,0,S0002
37417.0,3185.0,2.3,12.9,0,S0053
51856.0,5386.0,6.0,61.3,1,S0150
52591.0,4078.0,4.9,51.6,1,S0131
50799.0,3799.0,5.3,70.1,1,S0152
47527.0,5454.0,2.5,70.6,1,S0104
54176.0,6415.0,4.2,84.7,1,S0100
52707.0,5167.0,5.7,76.5,1,S0117
51855.0,5647.0,6.1,60.8,1,S0088
83068.0,8481.0,8.1,66.8,2,S0203
35318.0,2257.0,2.2,17.0,0,S0075
81084.0,7655.0,7.6,66.2,2,S0215
88580.0,9184.0,5.2,78.8,2,S0211
53449.0,4152.0,5.2,44.8,1,S0122
77453.0,8874.0,9.2,85.4,2,S0240
26003.0,2545.0,3.1,24.2,0,S0021
88104.0,10475.0,8.2,90.9,2,S0189
27715.0,2027.0,2.8,35.1,0,S0072
48249.0,5167.0,4.8,61.3,1,S0107
30880.0,2773.0,3.7,20.2,0,S0015
49140.0,3677.0,7.3,43.8,1,S0093
83402.0,9086.0,9.5,90.8,2,S0180
57791.0,6024.0,5.9,46.2,1,S0103
