month,sales,orders,marketing_spend
2022-01-01,101.7,49,30.5
2022-02-01,106.0,58,34.9
2022-03-01,112.4,59,34.3
2022-04-01,117.0,62,29.7
2022-05-01,122.7,62,35.9
2022-06-01,99.7,58,34.0
2022-07-01,108.0,55,33.6
2022-08-01,,59,31.9
2022-09-01,107.0,51,35.5
2022-10-01,86.2,53,36.1
2022-11-01,97.4,53,38.1
2022-12-01,111.9,50,33.2
2023-01-01,101.1,62,37.0
2023-02-01,125.2,59,36.1
2023-03-01,137.2,63,37.1
2023-04-01,139.3,66,33.7
2023-05-01,131.8,63,35.8
2023-06-01,133.4,63,33.9
2023-07-01,129.7,61,34.8
2023-08-01,119.1,59,34.5
2023-09-01,114.4,63,35.6
2023-10-01,124.2,55,36.2
2023-11-01,132.8,56,37.2
2023-12-01,,59,34.8
2024-01-01,132.5,69,38.2
2024-02-01,144.7,68,38.5
2024-03-01,149.1,70,34.1
2024-04-01,147.7,73,34.6
2024-05-01,157.4,70,35.8
2024-06-01,145.4,66,37.4
2024-07-01,143.5,61,34.4
2024-08-01,148.7,67,37.5
2024-09-01,138.2,59,37.9
2024-10-01,127.3,64,38.9
2024-11-01,139.1,63,38.4
2024-12-01,137.7,66,40.0
2025-01-01,152.4,65,35.7
2025-02-01,166.2,69,40.8
2025-03-01,177.3,67,36.3
2025-04-01,177.5,73,38.6
2025-05-01,174.6,69,41.1
2025-06-01,,68,40.8
2025-07-01,160.3,69,37.4
2025-08-01,151.0,65,40.7
2025-09-01,149.6,64,43.0
2025-10-01,147.4,67,40.9
2025-11-01,145.8,67,42.8
2025-12-01,154.3,63,41.1
2026-01-01,178.8,75,40.5
2026-02-01,181.7,73,43.4
2026-03-01,197.1,82,41.7
2026-04-01,189.2,73,45.4
2026-05-01,188.2,76,42.7
2026-06-01,190.2,72,45.2
2026-07-01,182.8,66,41.9
2026-08-01,175.9,73,45.0
2026-09-01,168.8,72,46.0
2026-10-01,181.0,69,43.2
2026-11-01,170.3,67,41.6
2026-12-01,176.3,67,40.4
