order_id,order_date,customer_id,region,category,product_name,channel,units,unit_price,discount,marketing_spend,satisfaction,returned
ORD-0001,15/07/2025,2034,NORTH,Technology,USB-C Cable,Online,5.0,17.45,0.0,9.99,2.0,No
ORD-0002,2024-05-05,2027,South,Home,Café Mug,Store,3.0,73.82,0.05,41.81,2.0,No
ORD-0003,2025-09-06,2023,South,Technology,USB-C Cable,Store,5.0,47.16,0.0,6.98,3.0,No
ORD-0004,2024-10-09,2041,East,Home,Plant Pot,Store,8.0,47.87,0.0,23.15,5.0,No
ORD-0005,2024-10-06,2019,South,Technology,USB-C Cable,Online,6.0,19.95,0.0,24.74,3.0,No
ORD-0006,2025-03-03,2045,South,Technology,Keyboard,Online,5.0,43.69,0.1,34.56,5.0,No
ORD-0007,2025-06-06,2019,North,Office,Pen Set,STORE,2.0,59.99,0.05,24.74,5.0,No
ORD-0008,2024-10-05,2025,South,Home,Café Mug,Online,3.0,13.81,0.15,13.23,1.0,No
ORD-0009,2024-11-10,2008,NORTH,Office,Notebook,Online,,77.37,0.15,25.98,4.0,Yes
ORD-0010,2024-05-23,2043,East,Technology,USB-C Cable,Store,6.0,54.97,0.0,7.76,3.0,No
ORD-0011,2024-12-15,2009,west ,Home,Plant Pot,Online,7.0,52.38,0.1,8.11,2.0,No
ORD-0012,2025-07-20,2042,,Home,Desk Lamp,Store,3.0,9.57,0.1,23.75,3.0,Yes
ORD-0013,2024-05-24,2023,West,Technology,USB-C Cable,Phone,7.0,41.99,0.0,24.21,1.0,Yes
ORD-0014,2024-05-24,2024,West,Office,Notebook,Online,7.0,13.86,0.0,8.43,5.0,No
ORD-0015,2025-09-07,2008,East,Office,Pen Set,Online,7.0,59.61,0.0,29.47,3.0,No
ORD-0016,2025-02-16,2030, north,Office,Desk Folder,Online,4.0,70.28,0.1,11.43,5.0,No
ORD-0017,2025-10-22,2026,EAST,Technology,Keyboard,Phone,2.0,49.52,0.0,9.52,,No
ORD-0018,16/03/2025,2004, east,Technology,Keyboard,Online,8.0,47.36,0.05,23.51,2.0,No
ORD-0019,2024-02-01,2006,North,Office,Notebook,Online,8.0,25.77,0.15,5.27,1.0,No
ORD-0020,2025-08-04,2041,west ,Technology,Keyboard,Online,7.0,42.07,0.1,12.9,5.0,No
ORD-0021,2026-01-02,2043,EAST,Office,Desk Folder,Online,5.0,67.78,0.0,14.31,3.0,No
ORD-0022,2024-06-04,2031,west ,Office,Pen Set,Online,6.0,59.58,0.0,13.26,5.0,No
ORD-0023,2024-01-21,2014,North,Technology,Keyboard,Online,7.0,,0.1,16.77,2.0,No
ORD-0024,2025-05-16,2023,WEST,Technology,USB-C Cable,Online,4.0,17.74,0.0,18.92,5.0,No
ORD-0025,2024-02-07,2019,SOUTH,Home,Café Mug,Online,5.0,70.06,0.1,8.41,2.0,No
ORD-0026,2026-02-23,2015,EAST,Office,Desk Folder,Online,3.0,10.93,0.1,0.59,4.0,No
ORD-0027,2024-06-26,2018,NORTH,Office,Pen Set,Online,4.0,79.45,0.15,10.28,5.0,No
ORD-0028,2025-07-10,2047,south ,Technology,Wireless Mouse,Store,4.0,77.47,0.0,30.01,4.0,No
ORD-0029,2024-09-25,2047,EAST,Office,Notebook,Store,6.0,79.45,0.05,24.77,1.0,No
ORD-0030,2024-07-08,2005,west ,Office,Notebook,Online,8.0,23.61,0.0,8.39,3.0,No
ORD-0031,2026-01-25,2034, north,Home,Café Mug,Store,4.0,41.68,0.05,15.2,2.0,No
ORD-0032,not recorded,2027,WEST,Office,Notebook,Online,5.0,23.14,0.0,18.29,2.0,Yes
ORD-0033,2025-11-29,2028,West,Technology,Wireless Mouse,Phone,8.0,65.05,0.0,3.51,4.0,No
ORD-0034,2024-07-09,2004,WEST,Home,Café Mug,Store,7.0,4.37,0.1,14.18,5.0,No
ORD-0035,09/02/2024,2028, east,Technology,Keyboard,Online,8.0,46.06,0.0,40.1,3.0,No
ORD-0036,2025-07-12,2017,South,Technology,Keyboard,online ,8.0,77.28,0.0,25.08,3.0,No
ORD-0037,2025-05-26,2012,EAST,Home,Plant Pot,Store,8.0,68.73,0.0,11.17,3.0,No
ORD-0038,2025-08-20,2024,North,Technology,Wireless Mouse,Store,3.0,37.59,0.05,24.55,2.0,No
ORD-0039,2025-06-27,2043,EAST,Office,Pen Set,Store,2.0,8.78,0.0,4.36,5.0,No
ORD-0040,2024-05-24,2018,EAST,Office,Pen Set,Online,1.0,82.47,0.1,6.37,5.0,No
ORD-0041,2025-07-08,2044, east,Home,Plant Pot,Store,2.0,18.49,0.05,5.66,2.0,No
ORD-0042,2025-08-06,2001,west ,Office,Notebook,Store,1.0,30.73,0.0,1.72,2.0,No
ORD-0043,2024-07-01,2002,WEST,Home,Café Mug,Online,5.0,77.82,0.05,12.13,2.0,No
ORD-0044,2025-01-26,2020, east,Technology,Wireless Mouse,Phone,5.0,47.28,0.05,14.46,5.0,No
ORD-0045,2024-12-08,2037,EAST,Home,Café Mug,Phone,,44.19,0.0,12.59,3.0,No
ORD-0046,2024-06-16,2022,WEST,Home,Plant Pot,Online,3.0,15.84,0.05,14.03,4.0,No
ORD-0047,2025-11-21,2031,EAST,Office,Desk Folder,Online,3.0,78.89,0.1,7.95,1.0,No
ORD-0048,2024-02-15,2035,East,Technology,Keyboard,Phone,5.0,13.98,0.0,4.19,3.0,No
ORD-0049,2025-11-26,2043,North,Home,Café Mug,Online,3.0,43.59,0.1,38.35,2.0,No
ORD-0050,2025-09-10,2025,NORTH,Home,Café Mug,Online,8.0,18.61,0.0,8.36,3.0,Yes
ORD-0051,2025-09-15,2026,west ,Home,Desk Lamp,Online,1.0,41.27,0.0,4.54,1.0,No
ORD-0052,20/04/2024,2040,SOUTH,Home,Desk Lamp,Store,1.0,59.65,0.05,16.05,5.0,No
ORD-0053,2024-05-19,2007, east,Technology,USB-C Cable,Store,6.0,75.47,0.05,5.2,1.0,No
ORD-0054,2025-04-19,2008,East,Technology,USB-C Cable,Phone,6.0,10.29,0.0,4.18,1.0,No
ORD-0055,2025-06-27,2034,,Office,Desk Folder,Online,2.0,18.91,0.15,6.75,1.0,No
ORD-0056,2026-04-11,2047,West,Office,Pen Set,Online,7.0,48.44,0.05,19.14,3.0,No
ORD-0057,2025-06-30,2017,west ,Technology,Keyboard,Phone,6.0,50.08,0.0,10.77,3.0,No
ORD-0058,2024-10-08,2027,EAST,Technology,Wireless Mouse,Online,2.0,47.85,0.0,25.95,5.0,No
ORD-0059,2026-02-21,2011,South,Technology,Keyboard,Online,8.0,32.15,0.1,36.6,,No
ORD-0060,2025-08-14,2033,west ,Technology,USB-C Cable,Phone,8.0,42.91,0.05,10.89,2.0,Yes
ORD-0061,2024-03-16,2001, north,Office,Desk Folder,Online,3.0,31.04,0.0,4.11,3.0,No
ORD-0062,2024-10-05,2018,WEST,Home,Plant Pot,Store,7.0,78.21,0.0,34.24,2.0,No
ORD-0063,2025-11-27,2039,West,Office,Desk Folder,Online,4.0,30.17,0.0,1.8,4.0,No
ORD-0064,2024-01-21,2044,WEST,Home,Café Mug,Store,2.0,13.15,0.05,14.71,2.0,No
ORD-0065,2024-04-05,2013,NORTH,Office,Desk Folder,telephone,2.0,43.38,0.0,34.77,3.0,No
ORD-0066,2024-06-29,2003,EAST,Technology,Wireless Mouse,Online,7.0,75.82,0.05,6.52,2.0,No
ORD-0067,2024-07-08,2010,WEST,Home,Plant Pot,Online,4.0,54.98,0.1,9.66,4.0,No
ORD-0068,2024-09-12,2022,South,Home,Café Mug,Online,6.0,15.19,0.05,13.24,1.0,Yes
ORD-0069,14/11/2025,2029, east,Office,Pen Set,Store,8.0,26.08,0.0,5.7,1.0,No
ORD-0070,2025-11-24,2037,WEST,Home,Plant Pot,Store,1.0,69.66,0.0,10.71,1.0,Yes
ORD-0071,2025-01-03,2041,West,Office,Notebook,Store,1.0,72.68,0.1,14.78,4.0,No
ORD-0072,2025-02-04,2037,North,Home,Café Mug,Online,1.0,28.75,0.15,10.83,5.0,No
ORD-0073,2025-10-08,2041,South,Technology,USB-C Cable,Online,,19.95,0.05,19.21,3.0,No
ORD-0074,2024-01-13,2047,WEST,Home,Desk Lamp,Online,6.0,44.09,0.05,20.63,5.0,No
ORD-0075,2026-03-16,2050,EAST,Home,Café Mug,Online,5.0,4.63,0.0,3.67,3.0,No
ORD-0076,2024-09-16,2033,West,Home,Plant Pot,Online,3.0,15.42,0.05,32.55,4.0,No
ORD-0077,2025-06-23,2031,North,Office,Notebook,Store,5.0,60.04,0.05,26.66,4.0,No
ORD-0078,2025-12-08,2009,South,Office,Desk Folder,Online,6.0,64.11,0.0,20.33,2.0,No
ORD-0079,2025-01-28,2033,WEST,Technology,Wireless Mouse,Phone,6.0,63.02,0.0,19.48,3.0,No
ORD-0080,2025-04-20,2002,EAST,Home,Café Mug,Online,1.0,32.29,0.05,11.6,1.0,Yes
ORD-0081,2024-09-25,2022,south ,Home,Café Mug,Store,7.0,56.36,0.0,33.51,3.0,Yes
ORD-0082,2024-03-11,2004,EAST,Office,Pen Set,Store,7.0,45.68,0.0,2.54,2.0,No
ORD-0083,2024-03-23,2044,west ,Home,Desk Lamp,Online,4.0,15.85,0.05,2.48,2.0,No
ORD-0084,2024-02-19,2025,South,Home,Café Mug,Online,4.0,78.13,0.05,40.49,2.0,No
ORD-0085,2025-09-06,2013,NORTH,Office,Pen Set,Online,6.0,5.9,0.0,16.54,4.0,No
ORD-0086,21/11/2024,2007,south ,Home,Café Mug,Online,5.0,22.59,0.1,18.24,1.0,No
ORD-0087,2025-07-20,2049,SOUTH,Office,Notebook,Online,1.0,9.28,0.15,10.39,4.0,No
ORD-0088,2025-03-27,2034,EAST,Technology,Keyboard,Online,7.0,21.34,0.0,18.4,1.0,No
ORD-0089,2024-01-15,2016,EAST,Home,Plant Pot,Phone,4.0,12.44,0.05,7.9,5.0,No
ORD-0090,not recorded,2019, north,Home,Café Mug,Online,6.0,63.36,0.05,10.45,2.0,No
ORD-0091,2025-10-16,2049,NORTH,Home,Café Mug,Online,1.0,69.95,0.0,67.4,2.0,No
ORD-0092,2025-07-14,2033,NORTH,Office,Desk Folder,Phone,6.0,49.75,0.05,2.82,4.0,No
ORD-0093,2025-09-24,2032,West,Office,Notebook,Phone,6.0,7.57,0.0,19.83,4.0,No
ORD-0094,2024-12-17,2033,North,Home,Café Mug,telephone,2.0,47.29,0.0,40.25,3.0,No
ORD-0095,2024-02-28,2004,South,Office,Desk Folder,Online,6.0,9.37,0.1,5.25,1.0,No
ORD-0096,2026-03-17,2013, east,Technology,USB-C Cable,Phone,2.0,10.86,0.0,11.7,3.0,No
ORD-0097,2026-04-29,2020, east,Office,Desk Folder,Online,5.0,73.45,0.15,11.57,2.0,No
ORD-0098,2024-09-03,2003,NORTH,Office,Notebook,Online,8.0,,0.1,36.96,4.0,No
ORD-0099,2025-06-24,2035,EAST,Home,Plant Pot,Online,6.0,72.84,0.1,1.34,5.0,No
ORD-0100,2025-02-06,2014, north,Technology,USB-C Cable,Store,2.0,47.11,0.0,56.7,4.0,No
ORD-0101,2025-12-01,2016,East,Home,Plant Pot,Store,4.0,46.23,0.1,3.35,3.0,No
ORD-0102,2025-07-05,2015,EAST,Technology,Wireless Mouse,Online,4.0,75.05,0.15,18.71,2.0,No
ORD-0103,16/01/2024,2024,East,Technology,Keyboard,Online,4.0,41.32,0.0,67.51,2.0,No
ORD-0104,2025-03-10,2021,West,Technology,Keyboard,Online,8.0,38.38,0.0,7.42,2.0,No
ORD-0105,2025-09-26,2050,NORTH,Technology,USB-C Cable,Online,7.0,29.88,0.05,3.93,5.0,No
ORD-0106,2025-08-15,2010, north,Home,Plant Pot,Online,4.0,25.16,0.15,13.45,1.0,No
ORD-0107,2024-07-23,2027, north,Technology,Keyboard,Phone,5.0,20.49,0.1,5.63,1.0,No
ORD-0108,2025-04-07,2049,East,Office,Notebook,Online,3.0,36.98,0.1,34.34,4.0,No
ORD-0109,2025-04-27,2044,south ,Office,Notebook,Store,4.0,7.92,0.0,9.96,2.0,No
ORD-0110,2024-09-21,2028,South,Office,Pen Set,Store,,4.39,0.1,14.43,4.0,No
ORD-0111,2024-12-06,2005,West,Office,Notebook,Online,4.0,5.06,0.0,27.89,2.0,No
ORD-0112,2024-04-07,2016,EAST,Technology,Keyboard,Online,1.0,5.78,0.05,31.51,4.0,No
ORD-0113,2025-11-24,2016,North,Office,Pen Set,Online,2.0,5.52,0.0,4.52,2.0,No
ORD-0114,2025-04-10,2049,NORTH,Office,Pen Set,Online,4.0,18.98,0.0,8.59,4.0,No
ORD-0115,2025-07-15,2047,NORTH,Technology,Wireless Mouse,Online,7.0,9.99,0.15,16.41,5.0,No
ORD-0116,2025-06-05,2042,East,Office,Notebook,Online,8.0,49.57,0.0,9.11,2.0,Yes
ORD-0117,2025-07-03,2033,North,Office,Desk Folder,Store,7.0,51.27,0.0,25.73,5.0,No
ORD-0118,2025-04-14,2012, east,Office,Notebook,Store,3.0,-12.0,0.1,22.52,5.0,No
ORD-0119,2024-12-16,2005,West,Technology,Keyboard,Online,4.0,5.07,0.0,13.96,5.0,Yes
ORD-0120,05/10/2024,2040,NORTH,Office,Pen Set,Store,1.0,4.82,0.0,22.22,4.0,No
ORD-0121,2025-05-10,2003, east,Home,Plant Pot,Store,4.0,42.17,0.05,5.2,3.0,No
ORD-0122,2024-04-12,2036,west ,Office,Notebook,Store,3.0,67.97,0.1,52.35,3.0,No
ORD-0123,2024-05-17,2047,,Office,Desk Folder,online ,3.0,59.65,0.15,9.11,2.0,Yes
ORD-0124,2026-04-29,2005,south ,Home,Café Mug,Online,6.0,62.28,0.1,10.69,2.0,Yes
ORD-0125,2024-03-29,2001, east,Home,Café Mug,Online,7.0,41.19,0.0,19.3,2.0,No
ORD-0126,2026-04-09,2016, east,Office,Notebook,Store,6.0,23.52,0.0,12.92,1.0,No
ORD-0127,2024-10-06,2028,North,Technology,Wireless Mouse,Phone,4.0,54.6,0.05,20.82,4.0,Yes
ORD-0128,2024-07-22,2030,NORTH,Office,Notebook,Online,5.0,21.01,0.1,4.36,5.0,No
ORD-0129,2024-09-23,2044,south ,Office,Notebook,Store,8.0,43.5,0.1,5.49,4.0,No
ORD-0130,2024-08-26,2047,West,Technology,Wireless Mouse,Online,1.0,35.36,0.15,11.32,4.0,No
ORD-0131,2026-04-20,2021,East,Technology,Wireless Mouse,Online,5.0,17.7,0.1,7.79,2.0,Yes
ORD-0132,2024-01-21,2040,WEST,Home,Desk Lamp,Online,4.0,76.42,0.0,89.01,2.0,No
ORD-0133,2024-08-18,2014,west ,Home,Café Mug,Store,2.0,12.66,0.1,12.9,3.0,No
ORD-0134,2025-04-15,2020,west ,Office,Desk Folder,Store,5.0,77.17,0.0,7.89,3.0,No
ORD-0135,2024-06-21,2045,west ,Technology,Keyboard,Online,5.0,76.8,0.1,13.89,5.0,Yes
ORD-0136,2025-03-19,2037, east,Home,Café Mug,Online,7.0,,0.05,13.92,1.0,No
ORD-0137,27/09/2024,2021,West,Office,Desk Folder,Phone,7.0,56.64,0.0,30.25,2.0,No
ORD-0138,2024-12-17,2050,South,Technology,Wireless Mouse,Store,1.0,82.44,0.1,17.7,1.0,Yes
ORD-0139,2024-04-08,2050,North,Technology,Wireless Mouse,Store,7.0,10.36,0.0,8.97,2.0,No
ORD-0140,2025-10-24,2013,North,Home,Desk Lamp,Online,2.0,33.07,0.05,33.34,2.0,No
ORD-0141,2024-03-14,2046,West,Technology,Wireless Mouse,Online,2.0,65.71,0.1,5.34,5.0,No
ORD-0142,2024-10-29,2006,East,Office,Desk Folder,Online,8.0,49.45,0.05,26.83,4.0,No
ORD-0143,2025-12-06,2012,west ,Office,Notebook,Online,1.0,9.63,0.05,32.03,1.0,No
ORD-0144,2024-10-28,2045,SOUTH,Office,Desk Folder,Online,7.0,21.62,0.0,5.56,,No
ORD-0145,2025-08-10,2016,East,Technology,Keyboard,Store,5.0,48.79,0.1,19.65,2.0,Yes
ORD-0146,2024-04-23,2022,NORTH,Office,Desk Folder,Online,5.0,18.5,0.05,73.27,4.0,No
ORD-0147,2025-08-08,2001, north,Home,Desk Lamp,Online,5.0,36.17,0.05,56.42,2.0,No
ORD-0148,2024-05-23,2030,South,Office,Pen Set,Phone,6.0,82.31,0.05,5.2,1.0,No
ORD-0149,2025-03-06,2044,NORTH,Technology,USB-C Cable,Online,3.0,64.51,0.0,18.98,1.0,No
ORD-0150,2025-07-16,2039, east,Technology,Wireless Mouse,Store,42.0,4.67,0.05,20.29,5.0,No
ORD-0151,2025-06-26,2019,SOUTH,Home,Desk Lamp,Store,4.0,32.01,0.1,16.55,3.0,No
ORD-0152,not recorded,2050,West,Office,Desk Folder,STORE,5.0,5.76,0.0,20.09,2.0,No
ORD-0153,2025-05-07,2045,East,Home,Plant Pot,Online,1.0,74.1,0.15,7.83,2.0,No
ORD-0154,08/07/2025,2029,west ,Technology,USB-C Cable,Store,2.0,84.64,0.1,12.31,3.0,Yes
ORD-0155,2025-07-16,2027,south ,Office,Desk Folder,Phone,7.0,70.97,0.0,5.2,2.0,No
ORD-0156,2025-09-18,2046,South,Office,Notebook,Store,7.0,69.77,0.05,37.67,3.0,Yes
ORD-0157,2024-01-04,2014,North,Office,Notebook,Online,8.0,12.18,0.1,8.86,3.0,No
ORD-0158,2024-02-21,2016,south ,Home,Desk Lamp,Store,3.0,54.69,0.0,27.44,3.0,No
ORD-0159,2026-04-25,2004,East,Technology,Keyboard,Online,1.0,8.32,0.0,23.6,5.0,No
ORD-0160,2024-01-16,2012, east,Technology,Wireless Mouse,Online,2.0,59.23,0.0,20.6,3.0,No
ORD-0161,2025-03-01,2003,WEST,Office,Notebook,Store,,76.48,0.05,28.77,1.0,No
ORD-0162,2026-01-06,2042,SOUTH,Technology,Wireless Mouse,Online,7.0,41.24,0.0,24.56,1.0,Yes
ORD-0163,2024-04-11,2013,SOUTH,Office,Pen Set,Store,1.0,73.83,0.05,23.72,1.0,Yes
ORD-0164,2024-01-19,2012, north,Office,Notebook,Store,7.0,72.39,0.05,17.57,2.0,No
ORD-0165,2024-09-08,2015,west ,Office,Pen Set,Online,1.0,42.97,0.1,30.36,3.0,No
ORD-0166,2026-01-04,2026,North,Home,Plant Pot,Phone,5.0,29.52,0.0,10.58,3.0,No
ORD-0167,2024-09-25,2021, north,Office,Notebook,Store,6.0,11.65,0.0,3.04,1.0,No
ORD-0168,2026-04-15,2044,East,Technology,USB-C Cable,Store,6.0,53.36,0.0,28.95,1.0,No
ORD-0169,2025-08-10,2014,EAST,Home,Café Mug,Online,8.0,81.79,0.0,16.65,4.0,No
ORD-0170,2025-06-30,2040,SOUTH,Office,Desk Folder,Online,2.0,31.68,0.0,17.87,5.0,No
ORD-0171,04/04/2025,2043,EAST,Office,Notebook,Online,8.0,21.11,0.1,8.55,,No
ORD-0172,2025-03-28,2010,south ,Office,Pen Set,Phone,7.0,10.96,0.0,26.79,4.0,No
ORD-0173,2025-02-02,2047,West,Home,Desk Lamp,Store,6.0,32.15,0.05,4.91,5.0,No
ORD-0174,2025-10-30,2038,WEST,Technology,USB-C Cable,Online,5.0,41.29,0.0,12.8,2.0,Yes
ORD-0175,2025-01-15,2028,South,Technology,Wireless Mouse,Phone,4.0,82.38,0.05,10.2,3.0,No
ORD-0176,2024-03-31,2028,west ,Office,Desk Folder,Online,4.0,42.13,0.1,41.61,3.0,No
ORD-0177,2024-11-29,2012,North,Home,Café Mug,Store,7.0,29.42,0.1,7.11,5.0,No
ORD-0178,2025-10-12,2011,SOUTH,Office,Notebook,Store,4.0,69.84,0.1,5.0,1.0,No
ORD-0179,2025-06-03,2044,west ,Office,Desk Folder,Store,4.0,6.69,0.05,17.49,3.0,No
ORD-0180,2024-07-23,2049, north,Technology,Keyboard,Store,2.0,71.08,0.0,20.8,1.0,No
ORD-0006,2025-03-03,2045,South,Technology,Keyboard,Online,5.0,43.69,0.1,34.56,5.0,No
ORD-0029,2024-09-25,2047,EAST,Office,Notebook,Store,6.0,79.45,0.05,24.77,1.0,No
ORD-0074,2024-01-13,2047,WEST,Home,Desk Lamp,Online,6.0,44.09,0.05,20.63,5.0,No
ORD-0121,2025-05-10,2003, east,Home,Plant Pot,Store,4.0,42.17,0.05,5.2,3.0,No
