customer_id,age,tenure_months,monthly_spend,support_tickets,contract_type,autopay,churn
C0001,41,58,52.44,0,Monthly,Yes,0
C0002,65,2,33.11,3,Annual,Yes,1
C0003,34,54,48.45,2,Two-year,Yes,0
C0004,53,72,53.28,3,Two-year,Yes,0
C0005,26,30,39.7,2,Annual,Yes,0
C0006,75,54,56.9,2,Monthly,No,0
C0007,39,67,52.17,2,Two-year,Yes,0
C0008,51,20,56.23,1,Monthly,Yes,0
C0009,50,34,18.17,0,Monthly,Yes,0
C0010,64,14,52.88,1,Monthly,Yes,0
C0011,40,45,63.8,2,Monthly,Yes,0
C0012,30,59,35.49,2,Monthly,Yes,1
C0013,43,22,47.68,1,Annual,Yes,0
C0014,38,17,50.18,2,Annual,Yes,0
C0015,59,56,85.85,3,Annual,Yes,0
C0016,22,70,71.28,1,Two-year,Yes,0
C0017,41,23,92.92,4,Monthly,Yes,1
C0018,74,45,54.17,0,Monthly,No,0
C0019,22,8,12.0,2,Monthly,No,1
C0020,45,53,66.94,0,Monthly,Yes,0
C0021,66,29,70.02,0,Annual,Yes,0
C0022,47,10,47.33,1,Two-year,No,0
C0023,22,14,61.93,2,Annual,Yes,0
C0024,47,11,68.1,2,Monthly,No,0
C0025,27,14,42.67,0,Annual,No,0
C0026,44,69,60.93,3,Monthly,Yes,0
C0027,68,5,61.18,0,Monthly,Yes,1
C0028,27,72,47.09,3,Two-year,Yes,0
C0029,67,28,83.72,0,Monthly,No,0
C0030,71,28,60.39,4,Annual,No,0
C0031,50,13,64.01,0,Monthly,No,1
C0032,35,38,47.48,3,Two-year,Yes,1
C0033,41,65,41.86,0,Monthly,Yes,0
C0034,27,29,88.36,3,Monthly,No,0
C0035,65,25,38.44,2,Annual,Yes,0
C0036,59,4,12.0,2,Annual,No,0
C0037,21,2,47.85,1,Two-year,No,1
C0038,34,22,57.79,2,Monthly,Yes,0
C0039,34,9,46.2,0,Annual,No,0
C0040,23,41,47.98,1,Two-year,Yes,0
C0041,53,50,34.42,1,Annual,No,0
C0042,20,18,35.87,1,Two-year,Yes,0
C0043,27,65,49.04,0,Two-year,Yes,0
C0044,67,64,75.82,0,Monthly,Yes,0
C0045,68,45,48.69,3,Two-year,Yes,1
C0046,25,14,23.66,1,Monthly,No,0
C0047,60,70,38.93,5,Monthly,Yes,0
C0048,39,55,37.26,2,Annual,No,0
C0049,59,5,62.44,1,Two-year,No,1
C0050,25,50,68.05,5,Two-year,Yes,0
C0051,67,42,42.66,3,Monthly,No,1
C0052,60,47,40.93,3,Monthly,Yes,0
C0053,57,55,92.44,3,Monthly,No,1
C0054,41,2,54.65,0,Monthly,Yes,1
C0055,27,22,19.82,0,Two-year,Yes,0
C0056,43,27,76.8,2,Annual,No,0
C0057,49,13,44.95,1,Monthly,No,1
C0058,38,51,34.31,5,Annual,Yes,0
C0059,60,65,66.69,1,Monthly,No,0
C0060,75,1,67.85,2,Two-year,No,0
C0061,36,66,53.87,4,Monthly,No,1
C0062,21,7,76.38,1,Annual,Yes,1
C0063,72,28,126.3,2,Annual,Yes,1
C0064,27,65,40.07,3,Monthly,No,1
C0065,22,49,61.27,3,Monthly,Yes,0
C0066,30,16,39.56,0,Annual,No,1
C0067,72,42,59.27,2,Monthly,Yes,0
C0068,54,53,82.08,2,Monthly,Yes,0
C0069,40,22,79.04,2,Annual,Yes,0
C0070,59,48,26.04,3,Two-year,No,0
C0071,74,12,45.65,2,Monthly,No,1
C0072,55,67,63.51,1,Monthly,Yes,0
C0073,43,19,59.15,2,Annual,Yes,1
C0074,55,45,59.48,1,Two-year,Yes,0
C0075,53,52,61.7,2,Monthly,No,1
C0076,41,21,74.08,4,Monthly,No,0
C0077,19,16,72.22,0,Monthly,Yes,0
C0078,56,70,46.45,2,Two-year,Yes,0
C0079,26,45,46.41,3,Monthly,Yes,0
C0080,21,35,62.06,2,Annual,No,0
C0081,25,25,67.3,0,Annual,Yes,0
C0082,30,32,65.48,4,Monthly,No,1
C0083,31,9,73.98,1,Two-year,No,0
C0084,37,69,64.8,0,Monthly,Yes,1
C0085,39,56,84.88,0,Monthly,Yes,0
C0086,71,13,60.89,2,Monthly,No,0
C0087,58,34,65.65,1,Annual,Yes,0
C0088,75,65,44.3,0,Monthly,Yes,0
C0089,50,55,50.69,1,Two-year,Yes,0
C0090,56,20,56.2,2,Monthly,Yes,1
C0091,32,58,59.77,0,Monthly,No,0
C0092,24,30,66.28,2,Monthly,Yes,0
C0093,37,48,90.42,1,Annual,Yes,1
C0094,19,29,51.22,1,Monthly,Yes,0
C0095,74,30,78.85,4,Annual,Yes,0
C0096,65,1,50.17,4,Annual,Yes,0
C0097,64,23,104.95,1,Two-year,Yes,0
C0098,58,61,68.97,1,Monthly,No,0
C0099,22,36,56.88,3,Monthly,Yes,0
C0100,70,23,37.47,1,Annual,Yes,0
C0101,26,62,63.92,0,Two-year,Yes,0
C0102,68,33,93.62,2,Annual,Yes,0
C0103,38,50,64.71,2,Annual,Yes,0
C0104,27,33,19.81,1,Monthly,Yes,0
C0105,49,45,41.35,3,Monthly,No,0
C0106,60,20,64.76,1,Annual,No,0
C0107,70,3,63.68,1,Monthly,Yes,1
C0108,19,61,82.56,4,Monthly,Yes,0
C0109,27,47,62.26,2,Annual,No,0
C0110,23,50,50.4,0,Monthly,Yes,0
C0111,72,15,63.22,2,Monthly,No,1
C0112,26,30,56.28,2,Annual,No,0
C0113,51,72,76.45,1,Annual,Yes,0
C0114,23,48,37.54,3,Monthly,No,1
C0115,21,47,63.67,0,Annual,Yes,0
C0116,62,26,90.9,6,Monthly,Yes,0
C0117,71,29,66.64,2,Annual,No,0
C0118,31,32,50.91,2,Annual,Yes,0
C0119,19,20,56.61,0,Annual,Yes,0
C0120,35,32,70.83,0,Monthly,No,1
C0121,54,53,73.79,2,Monthly,Yes,0
C0122,41,7,65.8,1,Monthly,Yes,1
C0123,33,42,33.57,1,Annual,Yes,0
C0124,57,39,34.4,2,Two-year,No,1
C0125,28,15,52.17,1,Monthly,Yes,0
C0126,28,65,37.03,1,Annual,Yes,0
C0127,43,57,57.49,1,Monthly,No,0
C0128,53,3,44.0,3,Monthly,Yes,1
C0129,69,33,78.73,4,Two-year,Yes,1
C0130,73,46,15.14,0,Annual,Yes,0
C0131,29,24,40.93,2,Monthly,Yes,0
C0132,33,49,68.11,4,Monthly,No,0
C0133,63,18,70.23,1,Annual,Yes,0
C0134,52,47,52.38,2,Monthly,Yes,0
C0135,50,58,52.92,4,Monthly,Yes,0
C0136,19,20,63.02,1,Annual,Yes,0
C0137,32,65,40.58,1,Two-year,No,0
C0138,64,63,80.69,2,Monthly,Yes,1
C0139,44,37,45.64,3,Annual,Yes,0
C0140,36,34,50.99,2,Annual,Yes,0
C0141,46,49,62.1,4,Annual,No,1
C0142,71,62,71.17,2,Annual,Yes,0
C0143,35,66,101.08,0,Monthly,No,0
C0144,57,64,59.93,1,Monthly,Yes,0
C0145,60,1,56.26,0,Monthly,Yes,0
C0146,52,4,55.55,2,Monthly,Yes,0
C0147,25,3,53.04,4,Monthly,No,0
C0148,36,72,43.22,2,Two-year,Yes,1
C0149,58,33,54.53,0,Annual,Yes,0
C0150,64,61,35.65,1,Monthly,Yes,1
C0151,54,56,29.36,0,Annual,No,0
C0152,66,68,85.34,0,Two-year,No,1
C0153,49,31,73.92,2,Two-year,Yes,0
C0154,23,5,55.93,2,Monthly,Yes,1
C0155,18,54,47.93,1,Annual,No,1
C0156,22,34,43.49,1,Monthly,Yes,1
C0157,69,61,75.23,0,Two-year,Yes,0
C0158,29,56,55.66,2,Two-year,No,0
C0159,44,71,26.74,2,Monthly,No,0
C0160,38,39,45.0,2,Annual,No,0
C0161,40,71,46.89,0,Annual,No,0
C0162,72,21,57.8,2,Two-year,Yes,1
C0163,36,44,52.74,2,Two-year,Yes,1
C0164,58,71,80.22,1,Monthly,Yes,0
C0165,75,8,50.07,2,Annual,Yes,0
C0166,30,32,23.62,2,Annual,Yes,0
C0167,72,38,42.08,1,Monthly,Yes,0
C0168,34,70,41.68,1,Monthly,Yes,0
C0169,24,32,31.83,1,Monthly,Yes,0
C0170,34,72,53.73,0,Monthly,Yes,0
C0171,72,53,45.13,1,Annual,Yes,0
C0172,30,61,32.99,3,Annual,Yes,0
C0173,39,63,71.51,0,Annual,Yes,1
C0174,35,15,75.36,4,Monthly,Yes,0
C0175,32,7,39.32,1,Two-year,Yes,0
C0176,63,34,59.52,3,Monthly,Yes,1
C0177,37,5,24.54,1,Monthly,Yes,0
C0178,51,12,54.62,3,Monthly,No,1
C0179,72,59,56.29,2,Monthly,Yes,0
C0180,54,23,50.53,3,Monthly,Yes,0
C0181,45,20,42.17,1,Two-year,Yes,0
C0182,44,14,64.38,1,Annual,No,0
C0183,49,44,61.58,1,Two-year,Yes,1
C0184,39,61,43.7,3,Two-year,Yes,0
C0185,20,43,63.72,3,Monthly,Yes,1
C0186,32,42,51.38,4,Monthly,Yes,0
C0187,51,37,63.49,3,Monthly,No,1
C0188,38,36,73.17,2,Annual,Yes,1
C0189,21,37,49.15,0,Two-year,No,0
C0190,53,53,49.49,1,Monthly,No,0
C0191,43,65,55.54,1,Monthly,No,0
C0192,25,55,40.77,1,Annual,No,0
C0193,42,21,64.76,2,Monthly,Yes,0
C0194,28,43,39.19,2,Monthly,Yes,0
C0195,68,10,48.68,3,Monthly,Yes,1
C0196,44,11,76.39,2,Monthly,No,1
C0197,69,50,84.21,0,Monthly,Yes,0
C0198,59,47,37.67,5,Monthly,Yes,0
C0199,59,1,47.01,1,Monthly,Yes,0
C0200,46,19,49.81,5,Annual,Yes,0
C0201,70,47,69.85,2,Two-year,Yes,1
C0202,72,69,66.61,1,Annual,No,0
C0203,64,4,58.38,1,Monthly,Yes,1
C0204,42,49,35.03,4,Annual,Yes,1
C0205,49,11,52.17,1,Monthly,Yes,0
C0206,47,43,64.16,2,Monthly,Yes,0
C0207,54,18,75.17,6,Monthly,Yes,1
C0208,23,29,90.19,1,Monthly,Yes,0
C0209,25,41,66.39,4,Two-year,No,0
C0210,71,1,22.23,0,Monthly,Yes,0
C0211,56,62,56.5,2,Annual,Yes,0
C0212,60,56,59.11,2,Two-year,Yes,0
C0213,65,65,79.91,0,Two-year,Yes,0
C0214,52,18,59.42,3,Annual,No,0
C0215,42,46,17.29,1,Monthly,Yes,0
C0216,53,5,63.23,2,Two-year,No,0
C0217,31,53,72.44,1,Two-year,No,0
C0218,31,46,64.25,0,Monthly,Yes,0
C0219,47,71,58.52,2,Monthly,No,0
C0220,47,40,46.87,3,Monthly,No,0
C0221,68,8,77.1,3,Annual,No,1
C0222,51,26,55.96,0,Monthly,Yes,1
C0223,40,7,72.46,2,Two-year,Yes,0
C0224,68,53,28.93,1,Monthly,No,0
C0225,60,13,39.12,0,Annual,Yes,0
C0226,67,30,80.35,2,Monthly,Yes,1
C0227,55,16,63.84,1,Monthly,Yes,0
C0228,38,58,58.69,1,Monthly,No,0
C0229,61,6,73.38,1,Monthly,Yes,1
C0230,49,24,52.85,1,Annual,Yes,1
C0231,44,29,44.95,1,Monthly,Yes,0
C0232,51,54,76.13,0,Annual,Yes,0
C0233,37,25,81.15,2,Monthly,No,1
C0234,72,49,94.74,1,Monthly,Yes,0
C0235,72,39,90.16,3,Monthly,Yes,0
C0236,38,55,111.04,4,Annual,Yes,1
C0237,70,5,70.34,0,Monthly,Yes,0
C0238,22,4,68.22,3,Monthly,Yes,1
C0239,48,43,46.1,1,Monthly,No,0
C0240,24,40,56.75,2,Two-year,No,0
C0241,62,4,52.22,1,Monthly,Yes,0
C0242,24,4,54.02,1,Monthly,No,1
C0243,59,60,75.15,3,Two-year,No,0
C0244,50,11,55.98,0,Monthly,Yes,0
C0245,18,31,61.16,3,Annual,Yes,0
C0246,37,26,52.41,1,Monthly,Yes,0
C0247,54,25,36.01,2,Monthly,Yes,0
C0248,56,25,49.53,3,Two-year,Yes,0
C0249,19,59,56.25,1,Monthly,Yes,0
C0250,29,10,38.23,5,Monthly,Yes,0
C0251,49,8,57.94,0,Two-year,Yes,0
C0252,40,43,35.84,1,Annual,Yes,0
C0253,55,63,62.62,0,Two-year,No,0
C0254,26,71,37.09,0,Annual,Yes,0
C0255,59,47,56.54,0,Annual,Yes,0
C0256,29,48,39.49,1,Annual,No,1
C0257,27,34,62.41,4,Annual,Yes,0
C0258,73,33,60.48,3,Annual,No,0
C0259,73,51,62.69,0,Monthly,No,0
C0260,40,3,20.26,0,Annual,Yes,0
C0261,33,49,60.39,1,Annual,Yes,0
C0262,52,47,76.6,2,Monthly,Yes,0
C0263,51,36,55.25,3,Monthly,Yes,1
C0264,39,69,69.22,4,Monthly,Yes,0
C0265,67,10,59.29,0,Monthly,No,0
C0266,74,11,71.48,4,Annual,Yes,0
C0267,56,54,41.27,0,Annual,No,0
C0268,70,32,92.58,4,Monthly,Yes,1
C0269,23,53,34.97,1,Monthly,Yes,1
C0270,75,10,88.57,4,Two-year,Yes,1
C0271,65,59,73.88,1,Annual,No,0
C0272,18,43,35.08,1,Two-year,No,0
C0273,26,26,68.45,3,Monthly,No,1
C0274,45,11,59.12,3,Monthly,Yes,1
C0275,60,65,61.96,1,Monthly,Yes,0
C0276,51,39,12.0,1,Monthly,No,0
C0277,67,56,62.4,0,Monthly,No,1
C0278,34,21,37.06,4,Annual,No,1
C0279,63,42,41.22,4,Monthly,No,0
C0280,60,65,26.0,0,Monthly,Yes,0
C0281,26,55,55.85,3,Monthly,No,1
C0282,37,55,54.41,3,Annual,Yes,1
C0283,18,47,40.06,5,Monthly,No,1
C0284,60,19,61.05,0,Annual,Yes,0
C0285,58,5,61.2,1,Two-year,Yes,1
C0286,70,43,68.86,3,Two-year,No,1
C0287,35,1,43.31,3,Two-year,Yes,1
C0288,55,27,37.9,2,Monthly,Yes,0
C0289,59,41,82.27,5,Annual,No,0
C0290,43,32,74.38,1,Monthly,Yes,1
C0291,48,67,49.68,4,Two-year,Yes,0
C0292,67,49,59.24,0,Monthly,No,0
C0293,42,44,44.04,0,Annual,No,0
C0294,63,49,63.61,2,Annual,No,0
C0295,74,30,58.32,1,Annual,No,0
C0296,71,28,77.4,2,Monthly,Yes,0
C0297,32,64,22.36,0,Annual,Yes,0
C0298,29,6,46.66,1,Annual,No,0
C0299,71,27,69.91,2,Annual,Yes,0
C0300,29,13,63.75,1,Monthly,Yes,1
C0301,61,29,53.17,1,Annual,Yes,0
C0302,39,62,34.41,4,Monthly,No,0
C0303,43,45,82.17,5,Annual,Yes,1
C0304,72,56,59.15,3,Monthly,Yes,0
C0305,19,28,61.19,3,Annual,Yes,0
C0306,74,60,60.95,1,Annual,Yes,1
C0307,52,10,12.0,3,Monthly,Yes,0
C0308,37,54,57.61,3,Monthly,No,0
C0309,26,70,67.18,1,Annual,No,0
C0310,47,2,61.43,2,Monthly,Yes,0
C0311,43,48,81.93,0,Two-year,No,0
C0312,73,43,77.25,1,Monthly,No,0
C0313,73,56,36.29,3,Monthly,Yes,1
C0314,44,55,69.5,2,Two-year,Yes,0
C0315,36,18,80.28,1,Monthly,Yes,1
C0316,65,9,58.27,1,Monthly,Yes,0
C0317,58,39,56.92,5,Annual,No,1
C0318,26,59,72.25,3,Monthly,Yes,0
C0319,50,67,35.22,4,Monthly,Yes,0
C0320,66,56,23.05,3,Monthly,Yes,0
